CC_diff,assists_diff,baronKills,damageDealtToObjectives,damage_per_death,deaths,dragonKills_diff,goldSpent,kills,totalDamageDealtToChampions,totalHeal,totalMinionsKilled,towerKills_diff,visionScore_diff,win,won?
-10.4,-1.92,-0.09439124487004104,731.4799999999998,-223.73473726273915,-1.2808937528499769,-0.8,-1439.027359781121,0.5599999999999987,-4483.249886000913,1814.8799999999987,-9.769265845873235,-1.8,-11.32,0.03999999999999987,True
-4.08,-4.68,-0.5024390243902439,234.71666666666806,27.700728021978193,0.462872628726287,-0.24,-2587.844444444445,0.5999999999999996,-4629.650948509485,105.8166666666666,30.466124661246624,-0.2,-8.84,-0.06666666666666671,True
10.64,2.64,-0.01610017889087656,-2729.4249999999997,-482.58352238039606,-3.07334525939177,0.32,-1425.4561717352408,-2.2749999999999995,-1682.2379248658326,1654.625,-17.22540250447227,0.88,5.88,-0.050000000000000044,True
-7.4,-7.16,-0.0013860013860013884,-1479.1904761904761,-784.1319871678274,2.2522522522522532,0.24,-1932.3672903672905,1.9428571428571422,-6960.23562023562,2212.47619047619,-10.073458073458077,-0.56,0.68,-0.15238095238095245,False
9.16,2.88,0.05701754385964912,1985.55,1063.1188878713883,-1.2017543859649118,-0.56,-55.866228070175566,0.35000000000000053,-2676.7785087719312,1482.5,-30.07675438596491,0.48,-1.8,-0.08333333333333343,False
6.32,1.04,0.21798941798941796,1002.2333333333336,-1305.3402988215494,0.7407407407407405,0.2,-30.61058201058222,-1.0333333333333332,-74.20529100529166,1317.8000000000002,7.071957671957662,0.04,17.2,0.15000000000000002,True
-0.28,-3.0,0.5054803352675692,7928.7750000000015,-198.06645285270542,-0.7343649258542868,0.68,803.7904577691806,1.5,1388.4235976789168,7238.724999999999,43.76531270148293,0.56,13.64,0.125,False
-2.12,0.48,-0.406060606060606,7480.3600000000015,1100.9325411255427,2.6969696969696964,-0.48,-989.0909090909099,-4.440000000000001,-6021.315151515151,1172.8000000000002,-37.87878787878788,-1.36,-7.12,0.20000000000000007,True
-0.56,1.72,0.015384615384615385,2544.942857142858,533.952081701369,-0.4435897435897429,-0.4,-897.1333333333332,0.5523809523809522,-2028.3923076923093,-1551.6476190476205,-11.412820512820502,-0.44,-9.48,0.01904761904761898,True
-0.36,0.08,0.12000000000000002,-5524.4000000000015,-1288.3595753717195,-0.39999999999999947,0.36,143.92000000000007,0.13333333333333197,283.5599999999977,-689.2666666666664,16.92,0.92,10.52,-0.009523809523809434,True
-16.2,2.24,-0.24,1052.8857142857123,318.50347739561767,0.4800000000000004,-1.12,-892.2399999999998,-0.10476190476190439,3494.4799999999996,-2342.8476190476194,-67.24000000000001,-1.84,-5.16,0.04761904761904773,True
4.08,-0.84,-0.040000000000000036,4998.4,-787.6906190476193,-0.6800000000000006,0.12,-1965.9599999999991,2.7599999999999993,-3658.8399999999983,4062.3600000000006,-34.839999999999996,-1.28,9.36,-0.12,False
14.92,6.16,-0.06896551724137931,-2402.971428571429,-335.9552215245076,-0.7241379310344822,-0.16,1221.310344827587,3.209523809523809,371.7586206896558,-1958.52380952381,-41.689655172413794,0.24,3.8,1.1102230246251565e-16,False
4.8,-1.44,-0.08000000000000002,-8488.48,509.7507469785123,-1.0,-0.24,-713.4800000000014,-0.9600000000000009,-325.4400000000005,-5984.599999999999,-1.2000000000000028,-1.56,10.64,0.07999999999999996,False
4.64,-0.56,0.01142857142857143,-2114.9500000000003,-1999.3625958300931,-1.2628571428571433,0.12,-137.59999999999854,1.916666666666666,3483.114285714284,752.5166666666664,15.799999999999997,1.36,6.84,-0.04999999999999988,True
9.04,-2.92,-0.0022641509433962287,2383.333333333332,-1638.1351043401064,-0.3486792452830194,0.12,-169.36830188679232,-1.6333333333333337,1862.9833962264165,2025.416666666666,22.846792452830194,0.04,-2.68,0.0,False
0.0,1.0,0.08042328042328042,187.94999999999982,716.8706042568538,0.5058201058201055,-0.56,1104.339682539683,1.0333333333333332,3911.3947089947087,-43.35000000000127,2.282539682539692,-0.96,-8.72,-0.36666666666666664,False
-0.44,2.96,-0.08851063829787237,2648.5142857142855,-985.9987996130858,1.137872340425532,0.24,2947.3225531914895,-0.02857142857142847,9467.376170212765,-1617.1999999999998,-0.8042553191489361,0.64,-1.52,0.1333333333333333,False
-12.0,-6.36,-0.159039759939985,5009.82857142857,-546.8525118532261,-3.429107276819204,0.44,-3572.612153038259,4.133333333333334,-10028.095273818453,5273.733333333333,16.021755438859714,1.16,0.92,-0.17142857142857132,False
-7.44,-2.08,-0.12280701754385967,7971.3714285714295,1022.0847523111825,-1.4576023391812871,-0.32,-162.0964912280706,2.161904761904762,-4294.766081871345,-418.53333333333376,-9.84210526315789,-0.48,-12.64,0.05714285714285716,False
-6.32,0.2,0.11052631578947367,404.5500000000002,-710.5935582010579,-0.9593984962406017,-0.84,-42.786466165413,0.9166666666666661,-2877.957894736841,-1420.6999999999998,-25.923308270676685,-0.2,-8.92,-0.033333333333333326,True
-4.92,-6.2,0.14285714285714285,83.74999999999909,-857.3496825396833,-3.548571428571428,0.76,-2109.114285714286,4.45,-5496.86285714286,646.5999999999995,16.84571428571428,2.04,0.36,0.32500000000000007,False
15.12,5.68,-0.04365690806368773,-1805.666666666666,-1258.1958627483646,3.2265023112480744,-0.28,1216.5408320493061,2.95,2206.264509501798,72.64999999999964,-7.840267077555218,-0.56,1.4,0.24999999999999994,True
7.72,0.48,0.4,-4697.983333333334,-7.085361952862513,-1.0499999999999998,-0.2,-452.5750000000007,-0.049999999999998934,-553.1749999999993,-2257.566666666667,8.75,1.56,-1.92,-0.03333333333333338,True
-3.4,1.68,-0.14456521739130437,-1598.6000000000022,1142.3848493635987,1.7413043478260866,-0.88,-1324.79347826087,-1.799999999999999,-2193.7684782608685,-2967.866666666665,-22.05326086956522,-2.0,0.96,-0.08333333333333337,False
-5.2,-1.84,-0.0816326530612245,5229.72,-74.57388500388424,-1.9183673469387754,0.76,770.5102040816328,5.3199999999999985,-118.75510204081729,-123.48000000000047,22.285714285714278,0.24,6.0,-0.08000000000000007,True
-2.32,0.04,0.1935483870967742,4639.166666666665,652.9507539682518,0.12903225806451601,0.52,372.0967741935492,0.28333333333333144,-1424.354838709678,3135.266666666667,10.0,0.28,0.64,0.1166666666666667,True
-1.44,-0.2,0.34375,-586.9833333333345,-490.73167513042654,-0.6875,0.8,1418.875,0.8833333333333355,3178.1875,390.6833333333334,53.71875,2.72,1.96,1.1102230246251565e-16,True
-4.2,-1.16,-0.021935483870967776,2738.809523809524,866.8566561574121,3.00774193548387,0.36,2587.26064516129,-2.2476190476190467,1074.8206451612932,773.8857142857141,-0.6167741935483804,0.24,0.44,0.11428571428571438,False
-7.8,-1.12,0.040000000000000036,-4935.2,1843.121554834056,0.1200000000000001,-0.12,786.0799999999999,-3.5666666666666673,3809.6400000000012,-831.0500000000002,-9.240000000000009,0.16,-6.8,-0.16666666666666663,False
3.4,-1.48,0.12689655172413794,1942.2166666666672,417.05100246975417,-2.1434482758620694,0.64,-898.5337931034492,-0.13333333333333286,-5569.240000000002,-1716.2000000000003,-24.51724137931035,-0.08,3.72,0.1166666666666667,True
7.72,0.76,0.15384615384615385,-3182.879999999999,1663.128734481893,1.0,-0.36,-497.461538461539,-3.16,-2455.3461538461524,-670.6400000000012,4.576923076923066,0.68,-1.16,-0.15999999999999992,False
-8.2,0.48,0.012121212121212116,3013.1000000000004,958.46509501528,1.7660606060606066,0.6,1349.30303030303,1.7249999999999996,8196.72,581.0500000000002,33.99636363636364,0.48,-3.16,0.25,False
10.84,5.04,0.2531539108494533,5101.583333333333,-1577.7273251748234,0.6518082422203539,-0.28,1223.796467619848,2.1333333333333337,3141.1867115222885,4898.466666666667,20.788898233809917,1.16,-4.48,0.03333333333333344,True
-0.52,-2.0,0.09458128078817729,-391.63809523809505,-1172.376345770631,1.8610837438423644,0.08,1673.833497536947,3.0666666666666655,2913.2906403940906,-2753.8476190476185,29.13793103448276,0.04,7.96,0.0,True
-2.52,0.88,-0.05333333333333329,1263.4952380952363,-1527.073243106101,-2.257777777777778,-0.36,-354.39259259259234,-1.2666666666666666,-1753.3140740740746,499.29523809523835,-5.404444444444437,0.24,-10.12,0.10476190476190478,True
13.2,3.24,0.08148148148148143,2396.9000000000015,269.27112350612333,4.045925925925926,0.16,1360.7837037037043,-0.5666666666666673,5350.340740740741,2714.166666666667,-39.743703703703716,-0.12,0.36,0.09999999999999998,False
16.56,0.88,0.1111111111111111,1317.0000000000002,1066.1726560661555,-0.5224586288416075,0.68,114.26241134751763,-2.5999999999999996,-216.25673758865378,-348.4399999999996,62.61040189125296,0.56,5.88,-0.039999999999999925,False
-3.48,3.08,0.11779448621553884,2905.766666666667,692.2183237133236,1.318295739348371,0.08,1158.8583959899752,-3.083333333333333,-716.5087719298244,449.1999999999998,-12.825814536340843,0.84,0.36,-0.25,True
14.28,3.96,-0.15893630179344465,-8289.457142857143,129.87276643990936,0.4533085961657397,-0.12,108.210265924552,-1.9428571428571413,-684.672232529374,-4969.771428571428,-0.9437229437229462,0.68,-0.36,-0.2571428571428572,False
-0.28,0.2,-0.19510204081632654,-95.63999999999942,810.2301361383697,-1.1861224489795914,-0.8,-660.4342857142856,0.4400000000000004,191.71918367346734,565.9200000000001,-19.14530612244897,-1.04,-4.52,-0.039999999999999925,True
-8.2,-1.12,0.07999999999999996,2050.9000000000015,493.60654341029476,-0.7599999999999998,-0.2,590.880000000001,1.3833333333333329,-66.12000000000262,1470.6833333333334,7.359999999999999,-0.04,-5.96,0.06666666666666665,False
-4.24,-0.16,0.026666666666666672,-5853.133333333335,-982.2330997474737,0.7037037037037033,-0.72,-696.6281481481474,-3.333333333333334,-1046.2503703703696,-721.7166666666662,11.66962962962964,-1.12,-11.48,-0.18333333333333335,True
6.48,-0.88,0.16000000000000003,3908.3142857142857,-1410.6143746962625,-1.3600000000000003,0.4,-1455.5200000000004,-0.8857142857142852,-944.8400000000001,1483.4761904761917,13.279999999999987,0.28,7.64,-0.05714285714285705,False
13.4,2.76,0.0,98.43809523809432,1076.5167388167392,1.5600000000000005,0.6,1829.8400000000001,-1.7619047619047628,6357.199999999999,-257.0,37.67999999999999,0.52,7.36,0.2095238095238095,True
-7.76,-3.92,-0.2,-6060.799999999999,-2448.4903739593747,1.8400000000000007,-0.68,-729.9599999999991,-0.35999999999999943,-2869.16,-2667.04,5.560000000000002,-0.8,-8.16,-0.36000000000000004,True
5.44,2.72,-0.02564102564102564,-439.1666666666672,-91.63985152647047,-0.1911421911421911,-0.12,59.482517482516414,2.5333333333333314,-3893.1165501165524,164.1333333333332,-8.729603729603731,-0.52,-2.6,0.1333333333333333,False
13.52,6.64,0.0459603289791969,-1826.8666666666668,266.6851340816038,1.5955491049830677,-1.04,1697.704402515723,1.1000000000000005,5725.942428640541,46.0666666666657,-12.054184808901795,0.72,-6.36,0.11666666666666664,False
-1.36,-9.04,0.02631578947368421,3532.1600000000008,-312.9967559629904,-5.132723112128147,1.76,-4005.2711670480558,1.4800000000000004,-9505.982837528605,-750.3600000000006,46.85926773455377,2.84,14.48,0.19999999999999996,True
5.88,-0.28,-0.02564102564102564,1566.2800000000002,96.53836524913049,1.379612257661039,-0.4,111.98874296435315,0.9199999999999999,-1834.5766103814858,-1888.2400000000007,-1.193245778611633,-1.08,-0.44,-0.040000000000000036,False
-6.8,-4.88,0.16,3568.5166666666664,281.7771660733024,-4.524137931034482,0.76,-1916.0772413793093,-1.4000000000000004,-5866.448275862069,2405.2999999999997,16.08137931034483,0.88,10.64,0.06666666666666665,True
3.4,-0.24,-1.2201476335214936,84.34285714285943,-607.0856303873543,5.1150673035171526,-0.08,-1013.9587494572297,-0.16190476190476222,1223.9826313504127,3818.4666666666662,9.980460269214063,-2.0,1.56,-0.057142857142857106,False
-9.68,-2.76,-0.2769423558897243,-4078.800000000002,-1842.8154939504934,0.2869674185463662,0.16,318.7543859649122,1.6857142857142868,1681.2368421052633,-3505.1904761904757,-1.6340852130325914,1.16,5.0,0.11428571428571427,True
-0.68,-0.72,0.05555555555555558,-8305.760000000002,-1656.7074519924504,0.1319444444444442,-0.36,517.9444444444443,1.9600000000000009,2939.875,-2324.5200000000004,42.229166666666664,-0.8,-0.76,0.039999999999999925,True
9.24,-0.56,0.41419354838709677,-3969.5166666666664,-779.3873796084085,-1.1664516129032263,0.48,-1045.3058064516135,5.683333333333333,-5623.718709677421,1417.083333333333,-10.82709677419355,0.44,7.48,0.1166666666666667,True
8.52,-1.48,0.39166666666666666,-979.8999999999996,533.9929981129981,-0.8944444444444448,0.28,-182.197222222223,-2.033333333333333,2615.8694444444445,-3290.0333333333338,9.241666666666674,-1.44,-3.32,-0.20000000000000007,False
7.72,1.4,-0.04545454545454547,-109.0666666666657,1579.3802777777773,-0.39090909090909065,0.72,1566.7000000000007,-0.43333333333333357,7903.972727272729,-480.0166666666664,21.76590909090909,1.56,8.32,-0.2,True
4.76,-0.32,-0.14869626497533475,-1038.5499999999993,1530.501793345542,-0.38266384778012696,-0.68,-1614.6504580690635,-1.8166666666666673,-6875.745595489781,-1522.3833333333323,-14.264270613107826,-0.24,-2.56,-0.06666666666666665,False
-1.64,-0.56,0.12039312039312039,-2781.239999999999,731.7826580086585,0.6494676494676499,0.24,-1445.473382473383,-1.8800000000000017,-7583.330876330878,-6501.999999999999,-3.017199017199019,0.72,11.32,-0.040000000000000036,False
9.96,-1.6,-0.009803921568627416,-7795.879999999999,2129.2467958152965,1.568627450980392,-0.04,605.8774509803934,-4.28,3875.5457516339884,-2714.279999999997,-32.85784313725489,-2.16,-2.6,-0.31999999999999995,True
-2.32,-0.2,0.04157218442932731,-3081.16,-239.0105439005456,-0.8835978835978837,-0.04,-885.9871504157218,0.8400000000000007,-1925.7339380196536,1162.6399999999994,2.724867724867721,-2.28,-5.28,-0.08000000000000002,True
5.0,-0.68,0.20444444444444443,-2845.4400000000005,312.3659904213446,0.04296296296296287,0.44,841.9214814814823,-0.8800000000000008,4179.595555555556,851.2399999999998,37.04888888888888,0.76,4.0,-0.2,False
1.44,0.36,0.28,-1391.4750000000004,1612.4163014069259,-0.3200000000000003,0.0,1011.6000000000004,-1.1250000000000009,2048.4000000000015,-827.0249999999987,35.92,0.64,8.96,-0.125,True
-1.28,3.6,-0.00121212121212122,-6281.120000000002,806.6353383283354,-0.23757575757575822,-0.52,813.9757575757576,-0.9999999999999991,73.12848484848473,-1986.5600000000004,-24.315151515151513,-0.4,-3.36,-0.08000000000000013,False
-1.92,-0.64,0.24555903866248693,-1675.6166666666668,1738.1598536213232,0.9132706374085684,0.6,2654.4723092998956,-1.5666666666666664,7155.009404388713,698.8166666666657,31.371995820271678,1.24,-0.6,-0.016666666666666552,True
15.48,0.48,-0.05492589363557107,-4521.980952380951,1667.0442255363691,0.5440278988666085,-0.16,-76.43679163033994,1.8095238095238093,-2250.7846556233653,-820.3809523809532,-7.847428073234525,-0.44,10.84,-0.06666666666666665,True
-5.2,-5.28,-0.11870967741935487,867.5999999999995,2459.1443700743703,-0.8116129032258064,0.76,-107.6129032258068,0.7999999999999998,-3701.0567741935483,-126.48000000000047,4.298064516129045,0.12,9.12,0.08000000000000007,True
-1.84,0.36,-0.15999999999999998,-1794.7666666666664,-536.3607526963779,-1.5199999999999996,-0.32,-954.2399999999998,0.6166666666666671,-1604.640000000003,-415.0666666666666,-22.439999999999998,-0.4,-8.04,-0.14999999999999997,False
-11.36,2.32,0.18518518518518517,-1069.0190476190492,570.4213249845384,-0.7037037037037033,-0.2,-263.7407407407409,-3.352380952380953,36.51851851851825,-1808.2571428571428,13.70370370370371,-0.08,-6.16,0.15238095238095245,False
3.04,2.84,-0.18074074074074076,75.7333333333354,-661.5235034277894,0.3007407407407401,-0.6,2046.8370370370358,0.8095238095238075,5757.050370370369,-3150.0380952380956,-8.263703703703705,-1.64,-9.12,0.009523809523809379,True
-8.4,-2.96,-0.425531914893617,1070.9333333333343,-837.4232146689287,2.8961702127659574,-0.68,-342.9446808510638,-4.866666666666666,-1121.7021276595733,2536.1619047619047,0.5063829787234084,-2.6,0.84,-0.10476190476190478,True
-1.88,-2.88,-0.2559912854030501,-1317.6166666666668,659.5704082491566,-0.9553376906318078,-0.28,-525.1339869281055,1.0166666666666675,-23.733115468410688,-1617.3499999999985,3.4074074074074048,-0.08,-5.08,0.14999999999999997,False
-0.12,-2.96,-0.3065134099616858,872.8833333333332,-415.6142990342978,-2.0166028097062574,-0.6,-1451.8531289910607,0.18333333333333446,-5571.500638569603,5519.166666666666,-7.384418901660283,-1.92,-0.36,0.06666666666666676,True
6.52,5.72,-0.16129032258064518,3918.9833333333327,227.77827260702497,1.774193548387097,-0.88,2381.4516129032254,2.0666666666666655,1893.7419354838712,4165.783333333335,-41.58064516129032,-0.8,-8.28,0.13333333333333336,False
-11.4,-6.0,-0.2728110599078341,-1237.3999999999996,474.1422063492064,0.15391705069124395,-0.04,-1183.2755760368673,-0.7600000000000007,-4747.232258064516,-329.6800000000012,49.63963133640553,0.36,-2.0,0.16000000000000003,False
-7.04,-1.48,-0.14814814814814814,2208.2999999999993,-1027.7874971556203,-0.673400673400673,-0.52,285.0404040404046,-0.32500000000000107,1349.861952861953,6805.575,39.62962962962963,-0.56,-4.96,0.050000000000000044,False
10.36,-0.56,-0.08000000000000002,2889.76,883.833479076482,0.23999999999999932,0.32,1047.6000000000004,2.4000000000000004,2015.4399999999987,1416.2799999999988,-6.920000000000002,-0.52,4.32,0.11999999999999994,False
11.36,1.6,0.21185185185185185,1492.1904761904761,-384.94920642389525,-1.2014814814814807,0.28,-1189.1481481481478,-1.2380952380952364,-1837.4607407407402,259.5904761904749,-23.799999999999997,1.52,2.08,0.04761904761904756,True
9.56,-1.6,-0.047619047619047616,597.4800000000005,-161.61181440781183,3.9948240165631477,-0.24,971.0874741200823,-4.0,3912.980331262941,1668.3600000000006,-0.6780538302277463,0.44,1.96,-0.07999999999999996,True
-8.52,-2.16,-0.023809523809523808,1713.1750000000002,-207.9995515248629,-0.3392857142857153,0.12,-1366.5386904761908,-2.1000000000000005,-1391.5267857142862,-22.099999999999454,1.1815476190476133,-0.16,2.28,-0.025000000000000022,False
-3.64,0.32,0.010807159743329957,1685.5600000000009,-158.03667852615354,-0.8733535967578536,-0.48,405.0611279972982,3.2,5047.334008780817,1791.5599999999995,-0.2090509962850362,-0.6,-3.68,-0.1200000000000001,True
-4.8,-14.8,0.2222222222222222,-3485.16,-899.7925558710303,-2.5827160493827153,1.44,-6064.466666666666,1.040000000000001,-13452.565432098763,2413.9600000000005,15.185185185185183,1.0,7.68,-0.16000000000000003,False
9.08,1.48,-0.002847650688182251,1850.009523809524,-151.37269217555058,3.193165638348362,0.0,960.6654010441398,0.2857142857142865,1498.0398671096355,14.542857142857429,1.5557664926435706,-0.44,0.04,-0.36190476190476195,False
-6.96,0.8,-0.08571428571428574,-684.5142857142864,-631.2372238872222,-0.8685714285714283,-0.64,-964.3714285714286,0.8190476190476179,-5663.491428571429,-1071.5619047619043,-22.262857142857143,-0.68,-11.96,0.24761904761904763,False
1.96,-2.24,0.0,1234.6000000000004,720.4289672364675,-1.04,0.72,269.5600000000013,-3.116666666666668,1346.920000000002,226.76666666666551,35.2,0.44,5.28,0.11666666666666659,False
-5.68,-0.56,-0.10370370370370374,-942.1809523809516,1023.2819614512464,1.2874074074074073,-0.32,77.20296296296328,-0.9238095238095232,-3841.9955555555534,1566.7714285714287,-0.4355555555555526,0.12,-0.96,-0.14285714285714285,True
7.32,3.04,-0.15384615384615385,2834.040000000001,459.0727188425608,0.5,-0.36,-1608.2307692307695,-0.6000000000000005,-4123.923076923078,-410.4800000000014,-40.57692307692308,-2.04,2.44,0.31999999999999995,False
14.72,0.88,0.12,10463.866666666665,647.3960743423236,0.7600000000000007,0.28,496.84000000000015,0.25,3796.040000000001,3481.4833333333336,11.519999999999996,0.52,1.56,0.08333333333333331,False
0.64,-4.32,-0.05548387096774193,2104.2000000000007,1119.0894357864345,-0.10193548387096829,-0.08,-3406.7006451612915,-0.3200000000000003,-9316.64,459.7600000000002,-18.298064516129045,-1.84,-1.36,0.07999999999999996,True
-4.92,-1.0,-0.054621848739495785,1921.4799999999996,-1408.833303030303,-1.0070028011204482,0.2,101.95938375350124,0.5599999999999996,1332.6456582633054,424.0799999999995,14.710084033613455,-0.6,-2.2,0.040000000000000036,True
2.0,4.68,0.1696969696969697,1281.6000000000004,354.32460606060295,1.5636363636363635,0.12,2867.8242424242417,-0.5199999999999996,5425.267878787878,-202.95999999999913,25.795151515151517,1.56,2.0,0.15999999999999992,True
-1.56,0.24,-0.008484848484848484,-3075.647154471545,840.2817590539544,0.0969696969696976,-0.12,-409.0787878787887,-0.6743902439024394,-3265.656969696969,-779.5634146341467,-20.4969696969697,0.16,-6.04,0.026016260162601612,True
-2.28,-2.36,-0.15348837209302327,150.73333333333358,453.1407871757865,-2.495016611295681,-0.16,-1550.9481727574757,-1.1333333333333342,-4025.0764119601317,505.9999999999991,0.7435215946843812,-0.04,-6.36,-0.04999999999999999,True
0.08,-3.28,0.04390243902439023,-146.39999999999873,443.4079792429802,0.6439024390243908,0.72,-451.8565853658529,0.03999999999999915,1196.759024390245,2463.680000000001,2.8770731707317054,0.44,6.2,-0.2,False
3.72,-0.12,-0.10482758620689658,-781.3500000000004,-673.7158007733005,-1.335172413793103,-0.08,656.9062068965522,-4.7333333333333325,2596.0496551724136,-2322.883333333333,-20.831724137931033,0.64,3.52,-0.2,True
-12.36,-0.76,-0.07565789473684209,-1195.7833333333328,-1002.563764065455,-1.3256578947368425,0.48,-2113.61677631579,-1.5,-10401.472039473683,-2729.4666666666662,-19.702302631578945,1.84,-0.04,0.03333333333333327,False
-2.56,-1.32,-0.04166666666666666,1995.6500000000005,-55.03972934473086,2.729166666666667,-0.04,-239.43333333333248,-0.10000000000000053,-1851.4770833333332,198.4333333333334,4.158333333333331,-0.68,-2.4,-0.23333333333333328,False
-6.24,-1.56,0.48,2330.2095238095235,653.6778707800122,-1.3199999999999994,1.2,216.48000000000138,-0.980952380952381,-1528.7599999999984,1655.0476190476193,5.52000000000001,0.92,2.52,0.3238095238095238,True
11.56,-1.36,-0.040000000000000036,-4898.416666666668,-357.5027437839917,-1.04,-0.16,-1353.5199999999986,0.21666666666666679,-2975.4799999999996,-3097.866666666666,-10.64,-0.56,0.68,-0.01666666666666672,True
-5.88,-0.6,-0.27259259259259255,-4857.125,-1678.930404179152,-0.3851851851851853,0.04,649.1585185185177,-3.0999999999999996,2551.68888888889,-1864.9500000000007,-0.09037037037036555,-0.92,1.36,0.0,True
-4.0,-0.16,-0.03999999999999998,-1285.6476190476196,-813.823462925965,0.96,-0.12,-275.0,0.1904761904761907,2890.3200000000015,-1431.4571428571435,1.1199999999999903,0.2,-4.2,-0.09523809523809523,False
-3.72,0.4,0.12,-2026.8380952380949,293.90140004719933,0.16000000000000014,0.76,1735.92,1.5333333333333332,3871.08,578.0761904761912,23.72,1.72,-0.16,0.07619047619047614,False
-14.56,-1.44,-0.1407925407925408,-8078.25,862.3231139693617,-4.182750582750583,-0.36,-3657.8372960372963,-4.15,-7388.669463869463,-2236.175,-17.454079254079247,-3.28,-6.12,-0.3250000000000001,False
-6.0,-3.12,-0.05874840357598979,-3507.7199999999993,-285.42039194139215,-1.302681992337165,0.16,-174.75223499361346,-2.6000000000000005,-2569.6053639846723,-840.0799999999999,32.455938697318004,0.56,-4.64,-0.24,True
-18.8,-4.4,-0.07692307692307693,-3175.5999999999976,899.8158243145758,-3.2307692307692313,-0.0,-1999.0769230769229,2.3833333333333337,-3117.076923076922,609.1666666666661,-16.384615384615387,2.56,-0.64,0.25,True
9.68,5.8,0.04000000000000001,4103.085714285714,344.5197116639956,-0.1200000000000001,-0.32,73.23999999999978,1.466666666666666,342.880000000001,3216.523809523811,14.0,-0.6,9.68,-0.07619047619047609,False
2.76,0.92,0.08000000000000007,4460.76,-107.60507757601863,-2.3199999999999994,0.56,2116.08,1.88,3630.760000000002,1111.7200000000003,35.64,1.24,4.16,0.19999999999999984,False
-0.72,-5.16,-0.04000000000000001,-2209.119999999999,440.0062866022845,1.88,-0.08,186.59999999999854,0.9999999999999982,-216.8000000000011,-690.3200000000006,-19.319999999999993,-0.16,11.72,0.12,False
3.36,-1.28,-0.04000000000000001,-3929.742857142858,252.77899764256836,1.5200000000000005,-0.16,553.6399999999994,-0.05714285714285694,-2122.3200000000015,3177.2285714285713,-19.480000000000004,-0.28,0.88,-0.1333333333333333,False
2.84,0.64,0.13548387096774195,-1467.4799999999996,1953.6328372738371,1.4232258064516126,0.4,1386.6361290322584,0.0,4406.073548387098,4990.080000000002,52.57161290322581,1.28,0.08,-0.12,True
1.64,-0.2,0.0769230769230769,1028.7428571428563,-537.6690854383723,-1.0769230769230775,0.08,829.7692307692305,2.876190476190477,1623.7692307692305,-1168.2095238095235,9.84615384615384,0.4,-4.28,0.009523809523809434,False
-5.16,1.96,0.07516339869281044,-4043.29523809524,-33.8330425130448,-1.6879084967320264,-0.92,-159.00326797385787,-2.038095238095238,557.18300653595,-3071.4952380952363,-28.330065359477118,-0.48,-4.0,0.19047619047619047,False
-0.52,0.6,0.38461538461538464,1637.6833333333325,1602.5990331890353,1.115384615384615,-0.16,728.2307692307695,0.5000000000000009,1945.4230769230762,1092.3166666666675,6.423076923076927,1.88,1.08,0.10000000000000009,True
11.32,2.6,-0.35128205128205126,4134.6833333333325,-2570.033824693824,0.9410256410256412,-0.08,-463.8794871794871,4.733333333333334,75.54871794871724,1430.5,-29.7128205128205,-0.72,8.76,0.29999999999999993,False
2.28,-0.68,-0.07999999999999999,3387.64,1172.0499956709955,0.4800000000000004,0.28,376.39999999999964,3.96,1712.2800000000007,-907.44,16.28,-0.12,0.88,0.08000000000000007,False
-7.4,-2.68,-1.0168208578637512,2240.5,315.6974398518105,-0.5407905803195963,0.44,-2854.778805719092,1.4500000000000002,-10144.126156433978,-404.72500000000036,-37.130361648444065,-0.2,-4.4,-0.19999999999999996,False
12.0,-2.16,0.19230769230769232,1057.2166666666667,229.5217169404691,1.948717948717948,0.72,-310.15384615384573,4.000000000000001,322.76709401709377,1823.2333333333331,16.047008547008545,1.24,7.64,0.41666666666666663,True
-7.8,-2.36,0.10414746543778802,996.6888888888889,977.5638137425399,2.7447004608294927,-0.2,675.5990783410143,0.9111111111111105,2853.5456221198147,963.1333333333332,-3.254377880184336,0.16,-3.8,-0.11111111111111105,False
1.2,-7.08,0.175,3142.4000000000005,156.3385661560651,3.2,1.04,80.72500000000036,-2.125000000000001,-4763.174999999999,937.7750000000005,0.125,1.2,8.4,0.19999999999999996,False
-11.6,-0.84,0.4329501915708812,725.2249999999995,-317.57508016289376,0.34610472541506976,-0.28,391.83780332056085,2.2249999999999996,872.7713920817368,19.5,54.18390804597702,-0.16,-6.52,-0.17499999999999993,True
-16.4,-2.72,0.06451612903225806,1403.7999999999993,1089.8878282828273,1.451612903225806,1.08,696.6774193548381,-0.6799999999999997,173.4193548387084,-1553.7999999999993,32.67741935483871,1.2,1.04,-1.1102230246251565e-16,False
-1.28,1.08,0.33714285714285713,935.695238095238,2937.2495857317276,-2.171428571428571,0.32,1275.074285714286,1.276190476190477,3543.902857142857,-2763.752380952382,22.331428571428567,1.24,-3.4,-0.07619047619047614,False
17.4,0.08,-0.24242424242424243,-4030.600000000001,-78.78087421837608,1.121212121212121,-0.52,2143.151515151514,-2.183333333333333,10018.757575757576,-3393.633333333333,31.03030303030303,0.12,-1.0,-0.11666666666666681,True
-2.56,-0.36,-0.14148351648351648,584.5500000000011,-1861.807380027382,-1.0700549450549453,0.0,-1649.0521978021989,-0.9000000000000012,-6834.1057692307695,-431.76666666666733,-24.12225274725276,-0.4,-1.8,0.06666666666666676,False
-5.16,1.92,-0.10344827586206898,534.2399999999989,1101.3638180708185,2.413793103448276,-0.44,828.1034482758623,0.1200000000000001,-1099.0,2130.0,-26.58620689655173,1.0,1.12,0.07999999999999996,False
5.44,1.16,-0.06074074074074076,3203.3523809523817,944.8073754288062,0.5511111111111111,-0.68,1409.983703703705,-7.9333333333333345,4589.266666666668,-2743.4190476190483,20.337777777777774,-1.56,6.4,-0.1333333333333333,True
-10.16,-4.12,0.04,1081.5666666666666,-640.2866032347279,-2.6399999999999997,0.8,-669.6800000000003,-2.3500000000000005,-4143.799999999999,-1270.3666666666659,41.64000000000001,0.8,2.56,-0.1833333333333333,True
-5.4,-0.8,0.04,-818.9714285714283,801.8034327312907,-0.6413793103448278,-0.12,50.72413793103442,1.571428571428572,4035.5048275862064,-1854.2000000000003,-5.457931034482762,-0.72,0.76,0.00952380952380949,True
-13.88,-7.44,0.091005291005291,8775.683333333334,679.970246512747,-1.3407407407407401,0.68,-295.4761904761908,-0.25,3614.144973544975,1770.6833333333334,46.130158730158726,0.4,-0.12,-0.10000000000000009,True
-8.24,-0.64,-0.12,-1159.2166666666667,-628.0346897900567,0.40000000000000036,-0.6,198.39999999999964,1.4333333333333336,-2029.4800000000032,-1045.783333333332,14.0,-0.08,-4.28,0.050000000000000044,False
0.84,-0.8,0.4304993252361673,-4501.449999999999,449.4011408036408,-4.145748987854251,0.2,-3549.754385964913,-2.5500000000000007,-7537.867746288799,-739.7000000000007,-16.978407557354934,-0.8,-3.0,-0.15000000000000002,False
1.6,1.84,0.17302052785923755,-1067.6833333333352,-1701.788652703503,0.28152492668621765,0.32,2098.807429130009,-0.43333333333333357,5986.084066471163,-363.91666666666606,12.272727272727266,0.64,3.92,-0.10000000000000009,False
-0.84,-4.2,0.06451612903225806,2612.8799999999997,206.47276984126893,1.3134822167080236,0.48,-1413.8908188585592,-2.0,-3335.016542597188,1107.3599999999997,-7.636889991728701,0.8,2.32,0.15999999999999992,False
-2.96,3.36,-0.010217113665389521,2085.371428571428,-830.8936712890281,1.2388250319284797,0.64,1053.361430395913,-1.333333333333333,5082.183908045976,2598.561904761905,9.984674329501914,0.56,-0.72,0.3142857142857143,True
-0.32,2.84,-0.07428571428571429,1748.75,-2084.027622053871,-1.4399999999999995,-0.28,2155.045714285714,-1.3333333333333348,3960.954285714288,-1536.0333333333328,-21.234285714285704,0.44,-2.48,-0.0500000000000001,False
-1.12,1.52,-0.07096774193548389,-1704.7666666666664,-433.23901338313226,-0.04129032258064491,-0.04,488.36516129032134,-0.10000000000000142,1828.068387096775,-624.9333333333334,-12.249032258064524,-0.24,6.48,-0.06666666666666671,True
-6.08,-0.8,0.4842570908144678,-2860.4222222222234,-1366.001666666667,1.8548009367681502,-0.88,1128.9341660161335,-1.2222222222222223,-1487.8017174082743,-6679.555555555555,1.60343481654958,-3.12,-7.52,0.35555555555555557,False
-6.64,-1.36,-0.10967741935483871,-5101.280000000001,1153.6495692640683,-0.5187096774193547,-0.36,-1096.5277419354834,-1.4399999999999977,-2771.5264516129027,-1193.88,-23.318709677419363,-1.16,-9.08,0.0,False
-0.4,-3.16,-0.04540023894862605,-2721.240000000001,-298.68610389610467,-1.731182795698925,0.24,-1899.9354838709678,-1.92,-4872.3882915173235,-2083.88,7.876941457586611,-0.36,-10.6,-0.24000000000000005,True
-1.44,6.24,-0.30561330561330563,3985.933333333335,-804.161293798792,2.2480942480942483,-1.2,2659.9487179487187,-0.09999999999999964,7866.680526680528,7147.933333333333,-11.946638946638942,0.12,-19.04,0.050000000000000044,False
-6.0,-5.08,-0.26834563612679113,-7588.228571428573,1158.8473479694926,-0.9943551888840645,0.72,-1747.598784194528,2.4190476190476184,-8936.046026921405,-2249.3142857142866,2.2605297438124126,1.52,-6.72,0.24761904761904768,True
5.28,2.48,-0.3968253968253968,1129.1428571428587,-269.2586611008055,2.3587301587301592,-0.76,968.0730158730166,0.30476190476190546,4622.117460317462,-2.0285714285719223,-11.901587301587298,-0.24,-15.0,0.05714285714285716,True
11.48,7.16,0.25106382978723407,-2149.161904761904,1701.6570006184306,3.2591876208897483,-1.32,3595.562862669245,-1.276190476190476,9495.78994197292,-720.0380952380947,-1.2112185686653874,-1.76,6.04,0.3619047619047618,False
-8.28,-6.96,-0.4163265306122449,2577.833333333332,1024.7816519129005,-3.6775510204081625,1.48,-2248.5877551020403,2.1499999999999995,-3860.861224489796,-3072.55,45.36734693877551,1.2,-7.12,0.13333333333333336,True
-2.32,-1.28,-0.19724137931034486,-8298.699999999999,-437.14930060680126,0.08137931034482726,0.04,-1167.5393103448278,-4.049999999999999,-1302.9724137931025,-222.83333333333394,-14.237241379310348,-0.32,-3.12,0.2,True
-16.24,-1.28,-0.24,6792.724999999999,1511.3324374930617,-2.08,-0.12,-903.1200000000008,0.2999999999999998,3760.16,5638.275,0.0799999999999983,-0.6,-1.36,0.07499999999999996,True
5.8,3.2,0.16000000000000003,-4755.333333333335,-94.77374132947807,1.4000000000000004,0.0,204.23999999999978,-2.5333333333333337,686.9599999999991,-268.9999999999991,-33.2,-0.16,3.08,0.016666666666666663,False
10.12,-0.8,-0.016602809706257993,1701.8666666666668,162.40497594997532,-1.5210727969348659,0.56,303.87611749680764,0.4833333333333334,322.1085568326962,1764.4666666666672,12.203065134099617,1.12,-6.2,-0.06666666666666665,False
7.56,1.4,0.023703703703703727,-2715.800000000001,-1930.22148032931,-1.2222222222222223,0.24,16.540740740740148,-3.5250000000000004,3388.8029629629636,-4862.299999999999,-15.922962962962956,0.04,3.36,-0.27500000000000013,True
1.48,-0.36,0.0,-5002.333333333332,719.712440916926,1.1999999999999993,0.2,2227.5200000000004,-0.9166666666666661,3288.079999999998,-2309.5166666666673,-3.9200000000000017,-0.36,2.56,-0.18333333333333335,True
17.84,-1.28,0.12,-2566.383333333333,8.538207223058635,-0.3600000000000003,0.76,1604.08,-2.6000000000000005,7343.719999999999,-1135.2333333333336,10.240000000000009,0.56,1.8,-0.20000000000000012,True
4.12,5.72,0.3284848484848485,2158.5666666666666,642.5224771307126,1.5769696969696971,-0.2,2836.7757575757587,1.466666666666666,5019.832727272729,4734.966666666666,-26.4169696969697,1.56,-4.08,0.1166666666666667,True
13.4,0.84,0.12,-1332.1999999999998,-3294.4758583699977,-1.5599999999999996,-0.04,581.2800000000007,1.3249999999999993,5406.0,1611.9000000000005,-2.4000000000000057,-1.44,4.0,-0.2,True
15.12,3.08,0.27999999999999997,1894.7999999999993,265.76549161350795,-2.1599999999999993,0.64,810.6399999999994,2.166666666666667,-2579.4400000000023,3574.7333333333345,6.359999999999999,0.56,-1.6,-0.19999999999999996,True
-2.28,-0.12,-0.13186813186813184,-4165.64,-985.7584047619039,-3.2225274725274717,0.48,-1056.7637362637379,-2.7199999999999998,-4202.18131868132,-2122.24,-19.777472527472526,-0.52,0.36,-0.28,True
-6.44,-8.48,0.07999999999999999,1808.3249999999998,754.917227182541,-3.5199999999999996,0.2,-1886.2399999999998,-5.775,-2931.880000000001,639.6250000000009,16.4,-0.4,-1.52,-0.07499999999999996,False
-4.04,0.2,-0.20673076923076922,-684.5,-87.25876370157584,1.0817307692307692,0.68,-707.5721153846152,-0.8999999999999995,-1372.9278846153848,3172.199999999999,-24.46634615384616,0.76,4.08,-0.125,True
10.48,4.28,0.04512820512820512,-6488.0166666666655,526.0984324934334,-0.615384615384615,1.4,2296.7374358974357,-3.2833333333333328,5330.114871794871,412.88333333333503,29.086153846153834,3.44,6.96,-0.033333333333333326,True
-10.16,-5.04,0.023197492163009426,-5380.833333333332,-1363.4725187312665,-1.2282131661442,0.12,-2208.915360501567,-2.0666666666666655,-3893.4714733542314,1786.8666666666677,18.388087774294675,-2.28,-3.16,0.016666666666666663,False
5.6,-0.72,-0.21629629629629626,2098.1500000000015,348.39921788356696,0.811851851851852,0.04,941.0296296296292,-3.366666666666667,-1187.2370370370372,2754.5166666666673,3.1259259259259267,-0.2,2.72,-0.21666666666666679,True
5.2,6.04,0.09142857142857144,-8513.416666666668,1209.7121606634105,-0.765714285714286,-0.2,-108.1200000000008,-2.05,-3102.062857142855,-5631.216666666665,-75.54857142857142,-0.32,-3.44,-0.1333333333333333,False
-0.84,3.84,0.23555555555555557,-1865.8476190476194,535.5052058787783,2.7585185185185193,0.8,2855.2103703703706,-2.0,9206.149629629632,4608.114285714285,-13.048888888888882,0.92,8.4,-0.22857142857142854,False
-6.44,-1.72,-0.15999999999999998,-710.6666666666679,-726.9372199097197,1.5599999999999996,-0.12,511.7999999999993,-0.13333333333333286,2103.7199999999993,-1634.6333333333337,24.200000000000003,-0.16,-11.52,-0.04999999999999993,False
3.44,1.44,0.24,1941.8285714285707,1798.173850884562,0.03999999999999915,0.64,227.3199999999997,0.39047619047619,4494.960000000001,1540.2571428571423,18.08,2.08,8.96,0.2761904761904762,True
4.4,0.2,-0.12,-316.9999999999982,210.20341861698762,-0.6799999999999997,0.04,337.71999999999935,0.2400000000000002,3509.5200000000023,-398.7199999999998,42.44,0.4,-3.04,0.11999999999999988,False
-7.12,-0.72,-0.4971428571428571,3586.216666666669,-509.2442765567748,-1.1428571428571432,-0.6,-449.66857142857225,0.7333333333333334,-4944.325714285715,3843.366666666667,-53.09142857142857,-1.2,-4.08,0.10000000000000003,True
8.0,-4.72,-0.15428571428571428,3215.457142857144,844.0734518655945,-0.6399999999999997,0.08,-1428.3028571428558,1.1523809523809527,-1548.5771428571425,-2208.885714285716,-11.217142857142846,-0.32,1.48,0.29523809523809535,True
10.44,1.28,0.3082251082251082,747.9000000000015,762.583006253004,0.473593073593074,-0.4,-1272.279653679654,0.4999999999999991,-925.5835497835506,1740.9833333333327,-27.566233766233765,-0.0,0.28,0.18333333333333335,False
-11.56,2.36,-0.06233766233766233,-3071.1523809523815,113.58331924688991,-0.337662337662338,-0.44,-2474.1454545454544,2.123809523809526,-3733.6857142857116,4235.238095238096,-20.86753246753247,-0.8,-5.0,0.01904761904761898,False
-4.64,-0.44,0.06603081438004403,660.8000000000002,159.37575946276047,-0.229640498899486,-0.24,-390.2853998532646,1.0,-2050.704328686721,-1688.9599999999996,-24.592809977989717,0.32,-1.84,-0.07999999999999996,True
-1.08,0.08,0.15163398692810456,814.1499999999996,-71.29596357346418,0.14771241830065307,0.84,693.823529411764,-0.5333333333333341,2417.6627450980395,2160.6166666666672,-14.545098039215688,0.04,8.44,-0.033333333333333326,True
8.52,-3.64,-0.051808406647116334,288.0,-582.2162816072832,1.6041055718475077,0.24,-433.42424242424204,-0.47999999999999954,-167.37341153470334,-851.1199999999999,15.956989247311839,0.16,-3.0,-0.23999999999999994,False
-2.96,-2.72,0.20512820512820515,5561.974999999999,411.2955104270741,-2.897435897435897,-0.68,-2828.9487179487187,2.7749999999999995,-7098.820512820514,3600.5499999999993,25.153846153846146,-1.6,-1.68,-0.07499999999999996,True
-2.56,5.4,-0.11111111111111112,1965.828571428572,-272.4344874173462,0.7492063492063492,0.4,2394.063492063491,3.1238095238095234,4110.882539682538,4634.285714285714,-28.098412698412687,-0.08,-3.08,0.019047619047619146,True
-13.6,3.92,-0.17931034482758618,5283.8190476190475,-3210.436908157976,2.3696551724137924,0.2,-163.80551724137877,3.0095238095238095,-3371.2800000000007,-2870.4095238095233,-17.775172413793115,-1.04,0.6,-0.0761904761904762,True
11.92,2.0,-0.05005561735261402,9603.449999999999,263.5169119769125,-0.09788654060066815,-0.24,-2184.9098998887657,2.4750000000000005,-3748.1535038932143,2365.75,-40.20689655172414,-0.04,-3.48,-0.07500000000000001,False
-4.32,1.0,0.19999999999999998,2360.9428571428566,-366.0926168540441,0.1200000000000001,-0.04,450.1999999999998,3.5428571428571423,2263.5999999999985,-1199.2285714285726,0.3999999999999915,0.88,-0.12,-0.01904761904761898,False
-11.24,-0.04,-0.04330392943063352,767.7333333333345,-797.4155251797688,0.5533279871692063,0.6,828.5829991980754,0.9047619047619051,1225.471531676023,1478.5238095238092,19.437048917401754,-0.4,-3.2,-0.15238095238095234,False
-22.68,2.4,-0.16888888888888892,-3583.3142857142875,114.693513708512,0.040000000000000036,-0.2,-1208.8177777777782,-1.971428571428571,-705.4459259259256,-2394.961904761905,-6.512592592592597,-0.72,0.52,0.10476190476190467,True
-0.4,-2.2,0.08592592592592593,-2660.2666666666673,2193.035192215191,-0.7792592592592591,0.4,-2511.4103703703704,-2.45,-5046.340740740741,865.8666666666659,6.1837037037037135,0.64,-1.08,-0.016666666666666663,True
-0.52,-0.84,-0.2971652003910068,-2770.239999999999,280.7206647796629,-1.0175953079178885,-0.44,531.2238514174005,-1.5600000000000005,-48.85141739980463,-1786.4000000000005,35.835777126099714,1.84,1.44,0.0,True
-7.92,-0.48,-0.09963369963369963,-3032.6333333333323,188.85723338208436,0.26080586080586077,0.2,-987.50989010989,-0.11666666666666714,-3983.120879120881,-1811.3999999999987,-25.160439560439556,-1.04,3.76,0.21666666666666667,False
0.44,0.4,0.3814002089864159,-2133.2833333333347,1670.5727530802533,2.5256008359456636,0.44,2921.7669801462907,1.416666666666667,2294.6468129571585,-934.7833333333338,8.78369905956113,1.44,-3.12,0.03333333333333327,True
1.6,0.64,0.0960827790096083,-5373.333333333334,-704.8548971861455,-2.9660014781966004,0.8,1129.7405764966734,-2.716666666666666,1692.8876570583889,-3769.9333333333343,16.487065779748704,1.88,1.76,-0.23333333333333345,True
-4.84,-0.44,-0.1515151515151515,-4166.516666666666,-1149.2619291819283,-1.5454545454545459,-0.32,-642.3636363636379,-1.6166666666666663,-2675.0,-1863.3833333333332,-39.515151515151516,-0.6,-4.44,-0.20000000000000007,False
1.84,2.44,0.050739957716701894,-7012.10476190476,795.1959561602425,1.9429175475687104,0.76,1152.5517970401706,-3.8380952380952387,4505.559548978152,-2706.5619047619048,-4.0873854827343195,0.96,1.72,-0.06666666666666665,True
-6.2,-1.44,0.0,-4417.316666666667,601.5129945054969,-1.0057142857142853,-0.52,-885.8742857142861,-1.883333333333332,-5985.154285714287,-1583.8500000000004,8.165714285714287,-0.92,-4.96,-0.016666666666666663,False
2.32,-2.6,-0.3666666666666667,648.5833333333321,-73.71462454212451,1.0999999999999996,0.0,-339.7666666666664,-0.7833333333333323,-171.1333333333332,-1554.0666666666657,12.5,1.6,0.56,0.06666666666666654,True
6.12,-0.32,0.06366366366366366,-2743.9983739837394,326.007288100981,3.0342342342342343,0.32,2195.8168168168177,-1.4664343786294998,7163.7375375375395,1606.681765389082,33.23723723723723,2.2,-6.44,0.10476190476190478,False
11.24,7.88,0.0,-3246.9714285714285,-1809.6872297808009,1.23076923076923,-0.16,2140.7307692307695,4.076190476190475,7531.230769230768,1097.1714285714288,-20.384615384615387,-0.44,-3.88,0.08571428571428563,False
-3.32,2.08,-0.12000000000000001,-686.1199999999999,-1112.4405952380948,-2.16,-0.04,2293.3999999999996,3.1200000000000006,5383.84,2662.8799999999997,40.56,0.76,-9.28,0.2,False
11.44,2.72,-0.03999999999999998,6373.866666666667,-87.02964535464434,1.04,-0.64,-1120.3600000000006,-0.7333333333333334,-1272.4799999999996,1754.3666666666668,-21.879999999999995,-1.8,8.72,0.09999999999999998,True
6.96,2.4,0.12,-137.77500000000055,472.0577602952626,0.040000000000000036,-0.12,-1040.5599999999995,-1.75,-1475.0800000000017,90.30000000000018,-35.16,-0.32,7.68,-0.07499999999999996,False
-1.8,-0.76,-0.14424242424242423,1062.5333333333328,63.42467893217827,0.32606060606060616,-0.24,-1728.4569696969702,-1.4333333333333327,-3036.847272727273,2050.616666666667,5.88606060606061,-0.48,7.28,-0.033333333333333326,False
-1.28,2.64,0.24,-1079.1333333333341,156.61375559625594,2.3999999999999995,0.44,2465.999999999999,-2.366666666666666,6000.879999999999,-1200.300000000001,40.84,-0.88,-2.24,5.551115123125783e-17,True
-0.76,-0.32,0.07034482758620692,1768.8833333333341,870.9579892792372,2.2441379310344827,-0.68,124.77241379310362,3.4,-3692.5241379310337,1685.666666666667,17.804137931034475,-1.0,0.32,0.31666666666666665,True
7.88,-0.76,0.12000000000000002,5350.155555555556,1290.5092515509195,2.7600000000000007,0.8,1482.1200000000008,5.244444444444445,-417.27999999999884,3433.511111111111,-9.040000000000006,1.48,5.24,0.311111111111111,False
-3.24,-2.8,-0.08000000000000002,886.9523809523816,294.3691665477377,1.4800000000000004,-0.88,-2283.2,3.1333333333333333,-8281.880000000001,157.88571428571413,-32.56,-1.88,-1.32,0.30476190476190473,False
8.64,6.4,0.1558109833971903,-2335.028571428571,877.6393828393816,0.9208173690932311,0.56,954.2707535121317,-1.1523809523809518,-604.1519795657732,-1182.447619047618,-23.95402298850574,-0.4,10.16,0.17142857142857126,True
-2.44,4.24,0.13022700119474312,-2279.325,585.2682822732822,-0.3285543608124257,0.36,2232.297491039426,0.6999999999999993,4179.854241338111,1760.2999999999993,7.113500597371569,2.12,-2.0,0.3499999999999999,True
2.24,-1.44,-0.0019512195121951237,-2539.0166666666673,-1509.1739003126509,1.242926829268293,-0.08,-164.18536585365837,3.4333333333333336,2964.2878048780476,290.4333333333334,-22.45853658536585,1.68,2.56,0.13333333333333325,True
6.84,-3.96,0.06060606060606061,-6107.088888888889,-437.8048998337599,-0.45454545454545414,0.08,-1200.151515151516,4.844444444444446,-2499.939393939396,-1298.333333333334,-23.60606060606061,-0.88,0.0,-0.35555555555555557,False
7.64,1.88,-0.1580487804878049,3454.7047619047644,1219.3601542901529,0.22731707317073102,0.28,1426.0458536585375,1.6857142857142868,1795.0165853658546,-945.5714285714294,-0.17463414634147512,-0.32,1.28,0.16190476190476188,False
-8.32,-3.08,0.25629077353215285,-684.1000000000013,504.0065317552835,-0.562907735321529,0.2,-1742.6812674743705,-1.8166666666666647,-4363.975768872318,-1390.9833333333345,3.478098788443617,1.4,7.28,0.2833333333333334,False
7.72,0.08,-0.34615384615384615,-7620.355555555556,-956.5105026455012,-0.3253205128205128,-1.32,-1263.1025641025644,3.555555555555556,440.0849358974374,-655.1111111111113,-4.142628205128204,-1.88,-3.92,-0.1777777777777778,False
3.44,3.96,0.23214285714285715,-806.3999999999996,-477.30652813852794,-1.4436813186813184,1.0,911.0782967032974,1.0399999999999991,6043.964285714286,-2577.279999999999,20.66620879120879,2.24,6.44,-0.040000000000000036,True
-18.0,-5.6,-0.34890450599421247,2438.6500000000015,30.501858465609075,-3.035551880942538,-0.88,-2966.065316246383,4.933333333333334,-6199.284001653576,2773.833333333332,10.328234807771807,-2.88,-7.56,-0.016666666666666607,True
-6.2,-2.12,-0.006340579710144928,-1263.1999999999998,-201.77763483575382,0.8088768115942022,-0.28,-1420.447463768116,-0.5999999999999988,-3706.622282608696,-863.5600000000004,-10.373188405797109,-1.2,0.4,-0.2799999999999999,False
-12.48,4.76,-0.10717614165890028,-1976.2833333333338,10.601233465609766,3.4655172413793105,-1.44,791.3872320596456,1.4666666666666677,-5139.94641192917,-1489.666666666667,-38.881174277726004,-2.6,-11.2,-0.04999999999999999,False
7.2,7.28,-0.0037617554858934144,-495.25714285714366,-63.03223381046928,2.7435736677115994,-0.2,5436.484639498432,2.8476190476190473,10564.638244514108,726.0761904761894,10.405015673981183,2.44,-6.16,0.3523809523809523,True
-1.8,-3.28,-0.24727272727272728,2643.155555555556,-103.85798786604391,0.45090909090909115,-0.76,-2471.0763636363645,-0.5555555555555554,-4319.312727272727,-1374.2666666666664,-5.123636363636351,-2.76,0.12,0.17777777777777776,False
-4.8,-1.88,-0.10101010101010102,-201.24999999999818,-784.8492615255104,-1.503030303030303,-0.76,-3926.678787878788,-2.416666666666667,-3805.139393939393,1123.3666666666668,-17.076767676767673,-2.88,-9.28,0.1333333333333333,False
-8.12,-0.24,0.1333333333333333,368.99047619047633,-829.2479097621954,0.3394871794871799,-0.2,933.2810256410248,-0.6095238095238091,3209.9005128205117,-643.7428571428582,10.04102564102564,0.12,3.0,0.20952380952380945,True
-8.64,-2.04,-0.09613375130616511,1936.3142857142857,-174.10549552299608,0.7241379310344831,-0.52,-1940.0438871473361,2.152380952380952,-5820.77011494253,2633.857142857143,-21.79519331243469,-1.96,-8.4,0.1333333333333333,True
2.8,-1.0,-0.08008898776418244,-1098.6833333333325,-304.80805856180814,-1.4582869855394884,-0.2,-500.9777530589545,0.5166666666666657,-3083.15127919911,385.71666666666715,-9.611790878754164,-0.28,1.92,-0.0500000000000001,False
8.8,5.24,0.17344173441734417,-3297.5166666666655,281.0301851851882,0.4184281842818427,-0.52,1674.5452574525743,0.9333333333333336,4290.5636856368565,-2188.300000000001,-21.03414634146342,-0.76,-2.52,0.0,False
-6.92,-2.56,-0.018671298306556665,1010.1199999999999,-504.2620216450209,0.9769865392965693,0.64,1040.7577073382545,0.16000000000000014,-139.09639600521223,-3228.12,15.218844984802423,1.08,6.16,-0.039999999999999925,True
13.6,1.48,-0.09090909090909091,-4660.825,1185.3863138944394,1.0945454545454538,0.28,1216.454545454545,-1.9250000000000007,1384.9042424242416,131.19999999999982,-8.178181818181812,0.32,0.04,-0.275,False
-1.04,2.76,-0.038461538461538464,700.1600000000003,1339.8065173160153,-2.230769230769231,-0.32,-831.9230769230771,-2.2800000000000002,-1948.6153846153848,-2764.84,-38.96153846153847,-0.28,-5.72,-0.08000000000000002,False
16.4,4.12,0.07999999999999999,892.8571428571431,1403.6955149876585,-1.4400000000000004,-0.12,-47.92000000000007,1.1047619047619048,-1192.4799999999996,2964.171428571429,-27.64,0.4,7.04,-0.07619047619047614,True
0.4,6.68,-0.1724137931034483,-269.09999999999854,2121.1706646594143,-0.0344827586206895,0.56,1187.8965517241377,-2.733333333333334,-348.31034482758696,477.8999999999992,25.206896551724135,0.68,6.96,-0.1333333333333333,True
3.76,0.12,-0.058717253839205064,4979.809523809523,-86.31076513433527,0.3857271906052393,-0.84,325.1526648599811,0.5428571428571445,-1342.2330623306225,1756.3714285714286,-14.831978319783204,-0.88,-9.56,0.14285714285714274,False
-6.4,-0.68,0.09809809809809811,-297.91666666666697,-15.243138620637183,-0.022022022022022192,0.04,-857.9059059059055,1.6333333333333337,-1374.005005005005,10.300000000000182,10.924924924924937,0.64,1.76,-0.016666666666666774,True
7.0,1.48,-0.3265993265993266,7953.500000000001,-171.80661255411178,0.518518518518519,-0.48,445.1447811447815,0.4666666666666668,44.25252525252472,-1285.6166666666668,-2.1851851851851904,-2.56,-2.76,0.2833333333333334,False
-4.12,-0.6,0.041379310344827586,-2995.96,-2151.2840755910747,0.1213793103448273,-0.0,-6.84413793103522,2.839999999999999,373.9586206896565,-702.8000000000002,37.902068965517245,-0.28,-0.96,-0.11999999999999994,True
0.48,-1.12,0.29185185185185186,-6023.824999999999,-578.8857453290148,-0.6888888888888891,0.08,-33.294814814815254,0.375,-2079.0888888888894,-2431.2749999999996,-2.031111111111116,-0.44,4.08,-0.19999999999999996,False
-12.68,-1.32,-0.5741935483870968,-2782.750000000001,117.88540357790362,-0.5006451612903229,-0.76,-3523.101935483872,4.133333333333333,-11786.749677419357,1563.0333333333338,-10.344516129032257,-1.68,-8.64,0.20000000000000007,True
3.84,2.04,0.32,-855.8166666666666,-741.1563576469839,0.6799999999999997,1.24,2800.6000000000004,8.881784197001252e-16,5829.560000000001,-577.3666666666663,37.47999999999999,2.32,-1.04,0.06666666666666665,True
-1.44,5.92,0.04000000000000001,-9522.133333333333,-166.88096186221082,1.7199999999999989,-0.2,1975.92,-0.25,5823.560000000001,-2526.916666666666,-5.200000000000003,1.12,-2.56,-0.30000000000000004,True
6.2,-1.2,0.0,2054.7333333333336,755.0737969900483,0.8799999999999999,0.12,1130.199999999999,1.416666666666666,5498.76,82.00000000000091,1.7600000000000051,-0.12,0.8,0.15000000000000002,True
6.44,0.56,0.1509677419354839,1026.247619047619,-997.8516750709609,4.089032258064516,-0.32,1722.9909677419364,0.019047619047619868,5443.152258064518,3223.638095238094,-12.0825806451613,-0.16,-2.64,0.10476190476190483,False
2.68,7.88,-0.12000000000000002,6705.771428571428,221.2212454165806,1.9200000000000008,-1.44,1669.3200000000015,-0.628571428571429,4528.439999999999,6014.771428571428,-13.0,-1.72,-13.08,0.28571428571428564,False
7.44,1.36,0.07999999999999999,-19.31666666666615,233.91394541732734,0.5999999999999996,-0.24,2037.92,2.366666666666668,5072.680000000002,694.6333333333328,5.440000000000005,-0.28,-1.12,0.23333333333333334,True
-3.2,-0.88,-0.09806451612903225,-5262.283333333334,265.8248280423304,1.8038709677419353,0.44,2060.739354838709,-1.416666666666667,2924.73935483871,-3675.8166666666666,-10.589677419354828,0.48,-4.08,-0.0666666666666666,True
-13.72,-0.36,-0.47364280094413846,2622.2952380952383,-2039.7607879049065,-3.843430369787569,-0.64,-4843.713611329662,3.276190476190476,-11733.009441384735,3099.5904761904767,-28.867820613690014,-2.36,-4.48,-0.26666666666666666,True
5.92,-1.48,0.06857142857142856,-1065.3199999999997,-42.402917748917844,2.3885714285714283,-0.28,853.8971428571431,-0.47999999999999865,451.10857142857094,1202.7599999999993,-2.1085714285714374,0.72,3.72,0.0,True
-1.68,-7.28,0.19951923076923078,-2553.033333333333,153.00226430976363,1.8004807692307692,0.44,2678.3966346153848,-2.216666666666665,3767.173076923076,-2400.366666666667,41.77163461538461,0.32,1.04,-0.21666666666666656,False
8.72,1.04,0.19999999999999998,6557.980952380951,116.45230622552072,-2.5200000000000005,0.36,-10.799999999999272,1.7238095238095243,3194.960000000001,2078.599999999999,-8.280000000000001,1.12,9.16,0.15238095238095245,True
5.4,4.16,-0.12000000000000001,247.8499999999999,-94.31656685906637,-1.1999999999999993,-0.4,-272.0799999999999,2.4333333333333327,-203.4399999999987,2109.6333333333328,3.5999999999999943,-2.24,-4.08,-0.21666666666666662,True
-1.84,0.92,-0.2,-2353.7749999999996,330.62506840381866,0.8000000000000007,-0.96,-395.39999999999964,-0.7000000000000002,-4393.279999999999,-813.3250000000007,-25.199999999999996,-1.72,-7.12,-0.19999999999999996,False
11.2,2.28,-0.07999999999999996,-363.84761904761854,-1075.5821948950515,-1.96,0.6,-1076.1599999999999,5.885714285714285,-5137.32,-1584.4095238095242,-21.120000000000005,-0.36,10.28,0.22857142857142876,True
-1.16,2.88,-0.12000000000000001,1996.8666666666659,1118.9782076719534,-0.6799999999999997,-0.24,17.0,1.65,-1628.4800000000014,4132.750000000001,-34.800000000000004,-0.68,1.68,0.03333333333333327,True
-6.32,0.52,-0.04000000000000001,2139.25,1700.8938278388287,0.08000000000000007,0.0,1719.6400000000003,2.1999999999999997,1389.2400000000016,426.90000000000055,-4.9199999999999875,1.12,8.4,0.23333333333333334,True
10.4,2.96,0.0,-1670.7809523809528,-1253.0301932459097,-1.12,-0.08,1314.119999999999,-3.9333333333333327,3754.5999999999985,-1806.914285714287,6.559999999999988,0.04,4.76,-0.20952380952380945,False
5.96,2.76,0.27999999999999997,6166.159999999999,-2336.892334665337,-2.6399999999999997,0.92,-205.60000000000036,3.1199999999999983,-1530.9199999999983,934.8000000000002,10.52000000000001,2.08,0.32,0.04000000000000015,True
1.12,-3.16,0.013793103448275834,-34.11666666666588,-1518.5666720474937,-1.020689655172414,0.44,682.9724137931025,-0.033333333333333215,2349.820689655173,-2355.883333333333,19.65655172413794,0.88,11.8,-0.033333333333333326,True
14.6,3.28,-0.15999999999999998,6948.161904761904,-171.0289435432278,0.0,-0.24,-894.0,-0.22857142857142865,582.7999999999993,469.49523809523816,-55.599999999999994,-1.28,-2.76,-0.0761904761904762,False
3.2,-0.84,0.0,499.0,2264.113247354496,1.0,0.12,517.039999999999,-1.3499999999999988,1845.7999999999993,-376.3833333333332,20.08,-0.64,-3.96,-0.06666666666666676,False
0.96,-0.4,0.181981981981982,-124.15238095238146,386.17837731051986,1.6306306306306304,-0.28,-75.75975975975962,0.6380952380952376,274.59879879879736,885.1714285714279,22.944144144144147,-1.84,-4.72,-0.3333333333333333,False
-1.68,0.28,0.42436279377689506,-8062.575000000001,218.21627705627816,-2.831843760344257,0.76,1542.7725918570013,-5.625,3691.9761668321753,-4758.6,-14.421714664018538,2.64,1.76,-0.025000000000000022,True
9.68,0.88,0.22023809523809526,352.9333333333361,106.01435185185119,-2.7321428571428568,0.96,1746.833333333334,1.2166666666666668,5191.3214285714275,551.1833333333343,-14.113095238095227,2.76,4.92,-0.050000000000000044,True
0.76,-1.28,0.24000000000000002,-2819.333333333335,-1627.7282795907777,-0.4400000000000004,1.2,2215.0,1.9333333333333336,4946.6,-184.76666666666642,54.44,1.32,1.24,-0.21666666666666667,True
-6.76,0.24,-0.08000000000000002,-4948.399999999999,-590.1636508399001,-0.7599999999999998,-0.28,-647.7199999999993,0.13333333333333108,-1179.8399999999965,-1068.633333333335,43.64,-1.6,-0.24,0.04999999999999993,True
-7.64,-1.72,0.08000000000000002,-2602.666666666668,-1352.5498909423927,1.7999999999999998,0.72,-1274.840000000001,-0.016666666666666607,-3890.24,-1914.9833333333327,21.24000000000001,-0.8,1.72,0.14999999999999997,True
0.0,-1.56,0.0,-5035.933333333334,-820.0055769230758,-0.1200000000000001,0.56,1667.7200000000012,-3.2666666666666684,2498.7199999999993,-3342.5499999999993,4.840000000000003,-0.28,6.28,-0.01666666666666672,True
6.88,5.0,0.015304461087593618,425.2952380952379,184.79833856619462,3.1074568544448073,-0.32,2523.9778573754484,1.314285714285715,920.0123738196053,486.4761904761899,-2.4138717030283345,0.92,2.52,-0.08571428571428569,True
-1.76,-5.64,0.015350877192982455,2310.9199999999996,174.30995815295728,0.17616959064327453,1.12,-1135.9926900584796,0.07999999999999918,-7361.599415204677,3028.6400000000003,11.668128654970758,1.08,2.0,-0.08000000000000007,False
0.6,5.36,0.0,609.0799999999998,-384.8200856920844,-0.8387096774193541,-0.12,480.032258064517,-1.6000000000000005,-2482.8709677419374,854.2799999999997,1.0967741935483843,-0.72,-0.64,0.1999999999999999,True
6.76,9.24,-0.037037037037037035,-166.6500000000001,646.5951519314017,0.5925925925925926,-0.64,1646.1851851851861,2.2333333333333334,5720.296296296296,330.1666666666674,-6.037037037037031,-0.32,-4.04,-0.15000000000000002,True
-4.0,2.6,-0.07999999999999999,1751.8399999999992,487.1986132201123,2.04,-0.04,2079.8,-2.1599999999999993,4380.280000000001,-2359.28,6.200000000000003,0.2,-2.64,0.15999999999999992,False
-4.8,2.08,-0.04,1313.3333333333335,751.600580144257,-0.08000000000000007,0.16,1456.3999999999996,1.583333333333333,5154.639999999999,539.5333333333338,30.92,-0.24,2.12,0.18333333333333335,True
-11.2,-2.16,-0.04000000000000001,1288.04,314.0798303918323,0.1200000000000001,-0.28,-828.1999999999989,-3.799999999999999,-2031.0,-3266.8,-12.280000000000001,-0.32,0.56,-0.16000000000000003,False
5.84,6.16,0.04774193548387097,-941.4399999999996,1328.5220816960814,1.4593548387096762,0.16,3097.2632258064514,1.799999999999999,6686.038709677419,1363.4399999999996,11.161290322580644,1.28,-1.32,-0.040000000000000036,False
3.32,-0.32,0.04000000000000001,3827.24,1524.1686139416147,-2.7600000000000007,0.36,-834.6399999999994,1.5999999999999996,-3482.6399999999994,59.039999999999054,15.119999999999997,-0.76,-0.04,0.23999999999999988,False
-9.44,1.72,0.07692307692307693,-1120.4000000000005,1036.693525132273,-0.384615384615385,-0.24,2144.8846153846152,-1.65,4036.5,-811.6166666666672,26.46153846153846,0.32,-5.36,0.06666666666666671,True
-15.56,-4.4,0.12,506.0,-1566.9434878454886,-0.3199999999999994,0.0,16.159999999999854,1.92,22.76000000000022,1427.7199999999998,28.480000000000004,0.68,-2.44,-0.15999999999999998,True
-2.6,0.32,-0.1948717948717949,842.2999999999993,-375.29911541889396,0.5025641025641026,-0.64,704.9630769230771,1.1500000000000004,-4833.43076923077,-1154.6999999999998,-32.53128205128206,-0.04,-5.88,-0.16666666666666657,True
-2.72,0.92,-0.03783783783783784,-3425.216666666668,530.1888155363149,1.3945945945945946,0.6,-36.29189189189128,0.7333333333333343,-293.5167567567569,-254.2499999999991,-5.378378378378372,0.2,1.4,-0.016666666666666663,False
3.92,-1.0,-0.12,3861.333333333333,355.56183002183116,-0.3600000000000003,-0.64,-1553.6800000000003,0.14999999999999947,-3508.4400000000005,2866.333333333333,-2.8400000000000034,-0.96,2.0,0.20000000000000007,False
-5.56,-0.88,-0.16000000000000003,-3694.2000000000007,-810.0636535098874,0.03999999999999915,-1.04,344.6800000000003,0.9199999999999999,-2694.920000000002,-3789.7999999999997,-6.800000000000011,-0.72,-0.28,0.07999999999999996,False
-0.48,5.52,0.3985185185185185,-2779.333333333332,655.1565361952871,0.7096296296296298,-0.04,1279.896296296296,-0.38333333333333286,4265.703703703704,-3091.9833333333327,-13.11555555555556,0.44,-1.16,0.08333333333333343,True
-0.76,2.96,0.0560909315542377,525.9500000000003,328.88570454599903,-4.258710155670868,0.48,483.8888065233514,1.7833333333333332,4510.261675315049,2856.583333333334,13.614776377563622,1.6,7.84,0.09999999999999987,True
-12.0,3.28,-0.02857142857142857,-1257.0166666666667,-22.402008778258278,0.5581881533101045,-0.52,-46.2466898954699,-1.033333333333334,-1194.4550522648096,1573.4999999999995,-8.922648083623692,-0.36,-4.12,-0.08333333333333331,False
-9.8,-5.24,0.06896551724137931,1839.3809523809523,785.2705459884023,-0.3103448275862064,0.16,-2841.551724137931,-2.0285714285714285,-9283.758620689656,2908.6857142857143,-25.86206896551724,-0.92,-1.24,0.009523809523809601,True
4.4,-4.32,-0.11428571428571428,3585.04,296.56293706293627,-3.1714285714285717,0.88,-2370.4285714285706,-0.1200000000000001,-3219.1428571428587,2312.32,-3.971428571428575,-0.32,3.44,0.07999999999999996,False
3.24,0.12,0.0,236.40000000000146,-1166.4250470640463,-0.1999999999999993,-0.76,1384.199999999999,-3.4000000000000004,2630.08,1395.1999999999998,44.440000000000005,-0.64,-0.72,-0.32,True
5.16,-5.2,0.05185185185185187,-1085.0666666666666,-873.024568579568,-2.365925925925926,0.48,-3291.76,2.783333333333333,-4390.093333333334,-1653.0833333333321,30.788148148148153,0.4,6.12,0.25000000000000006,True
0.92,-0.12,-0.08000000000000002,834.2499999999991,164.3769426406916,-1.5200000000000005,0.8,-246.36000000000058,2.333333333333333,-4757.359999999999,-560.0666666666657,-8.720000000000006,1.16,6.32,-0.08333333333333343,True
0.04,-4.12,0.1284848484848485,-658.2166666666662,1524.6870840978204,-1.3466666666666667,0.44,-857.7369696969708,-0.8000000000000007,-4676.392727272729,2525.216666666667,-14.68363636363636,0.44,5.08,0.1833333333333333,True
5.72,1.4,0.07999999999999996,2363.9999999999995,-652.247853535353,1.5999999999999996,0.04,-130.92000000000007,1.7500000000000013,3350.76,511.48333333333267,3.8799999999999955,0.48,2.16,-0.1833333333333333,True
0.2,1.92,0.020606060606060607,2596.8666666666677,-748.051484705772,-0.6533333333333333,0.2,1491.2193939393937,-0.19047619047619158,2614.94181818182,1158.3904761904764,-4.490909090909099,2.12,-4.28,-0.2666666666666666,False
6.52,-2.56,-0.18235294117647055,-3067.2000000000007,39.17716592049874,-0.17058823529411793,-0.76,-2543.9976470588235,-1.2000000000000002,-4715.657647058826,1099.488888888889,-3.995294117647063,-1.76,-12.2,-0.1777777777777778,False
-0.08,0.4,-0.006734006734006703,1236.3999999999987,-112.53433943833988,2.7878787878787876,1.08,2798.329966329966,-1.2800000000000002,3438.2188552188563,1090.6000000000013,9.494949494949495,2.68,9.68,-0.16000000000000003,False
-7.2,-1.84,0.29935483870967744,4632.983333333334,302.0911414184948,0.10451612903225804,0.64,-370.2193548387095,3.716666666666666,-1335.2516129032265,1799.3833333333332,-20.11354838709677,2.96,15.36,0.25,True
4.04,-0.16,0.14758620689655172,-830.7833333333324,91.41248426410311,1.3337931034482757,-0.56,1530.2551724137938,1.0000000000000009,6456.119999999999,29.00000000000091,26.83586206896552,-1.68,0.96,-0.06666666666666665,False
13.16,2.92,0.21939393939393942,-865.4952380952386,-241.93553451839216,-0.5612121212121215,-0.32,2219.8654545454547,-1.447619047619047,3917.4509090909105,-863.3999999999987,17.204848484848483,-1.04,0.08,0.161904761904762,False
2.16,0.04,-0.0013793103448276056,74.75,-226.81217967490056,-0.6689655172413786,-0.4,543.72275862069,0.049999999999998934,-2065.984827586206,617.3750000000009,2.022068965517235,-0.88,-1.24,0.22499999999999998,True
-6.92,-0.36,0.13793103448275862,-3876.5750000000007,-1856.4683600080493,-2.0344827586206895,0.72,-1184.7931034482754,-2.924999999999999,-6119.413793103449,-95.64999999999964,14.103448275862078,0.2,3.04,-0.07499999999999996,True
0.8,0.76,-0.12,-2143.2250000000004,1563.84031746032,-0.40000000000000036,0.2,254.47999999999956,-4.199999999999999,1379.3599999999988,-5993.099999999999,13.36,0.08,1.44,-0.12499999999999989,False
0.44,-0.52,0.07999999999999999,1489.6000000000004,-1327.1333321123307,1.7599999999999998,0.0,-628.3199999999997,-2.3200000000000003,260.5599999999995,32.8799999999992,5.839999999999989,-1.2,3.12,0.08000000000000007,True
7.2,0.36,-0.15483870967741936,-145.8800000000001,-69.7805477855486,3.3780645161290312,-0.2,58.975483870968674,-1.1199999999999992,-3969.747096774194,1519.2799999999997,-35.26451612903226,-1.4,-4.2,-0.2400000000000001,True
3.36,0.92,0.03999999999999998,-4016.2000000000007,532.5337412587442,1.2400000000000002,0.16,327.39999999999964,0.5428571428571409,2163.3199999999997,1428.895238095237,-13.439999999999998,1.36,5.2,0.03809523809523807,False
8.64,-0.72,-0.26857142857142857,3568.4750000000004,84.31284992785004,-0.11428571428571477,-0.44,-1934.1142857142859,-2.5,-2253.3085714285717,381.7499999999991,30.302857142857135,-1.0,-0.96,-0.025000000000000022,True
-18.8,-2.2,0.08000000000000002,-437.4380952380943,1325.2462851434275,-0.3199999999999994,0.04,-125.03999999999905,-1.8857142857142857,1482.3199999999997,-2491.523809523811,-5.359999999999999,-0.04,5.4,-0.0761904761904762,True
-1.0,0.92,0.0,-6240.3523809523795,29.448842612413955,0.040000000000000036,0.04,-78.68000000000029,-3.695238095238096,-309.7600000000002,-2470.7999999999997,17.599999999999994,1.16,0.12,-0.08571428571428569,True
17.68,1.0,0.31999999999999995,-1687.1999999999998,-3036.361083152954,-0.16000000000000014,0.6,1152.9599999999991,-2.8249999999999993,4803.359999999999,-3749.4249999999984,12.52000000000001,2.24,9.56,-0.32499999999999996,False
-3.44,-1.32,0.08000000000000002,-10368.333333333336,834.5522089638789,-1.3199999999999994,-0.24,-3022.6400000000003,8.881784197001252e-16,-3244.680000000002,-977.9111111111115,-39.64,-0.24,-9.24,0.1333333333333333,False
-7.0,-2.56,0.0,-844.8333333333348,692.4983790283791,-0.6000000000000005,-0.08,-893.1599999999999,-0.4833333333333334,-1940.800000000001,2493.266666666667,-10.040000000000006,0.72,-3.4,-0.016666666666666774,False
0.04,-1.72,0.36,-8592.333333333332,-182.70781032692867,-0.39999999999999947,0.32,144.1200000000008,-1.9142857142857137,-3143.24,-2245.619047619046,-0.8800000000000097,0.96,0.28,-0.15238095238095245,False
10.48,1.84,0.12,-611.7809523809528,153.51642788428398,0.4400000000000004,0.4,656.3199999999997,1.9714285714285724,2016.7199999999993,-387.0952380952358,-41.0,0.56,2.08,-0.10476190476190472,False
-10.12,-3.56,0.15999999999999998,-4615.966666666664,551.0053282828258,0.5599999999999996,0.12,-353.0799999999999,-3.666666666666667,-669.8400000000001,-2200.75,-30.040000000000006,-0.4,-5.08,-0.24999999999999994,False
5.0,-1.68,-0.04129032258064516,1032.5500000000006,1073.5629591023007,0.8748387096774186,-0.12,314.97161290322583,-2.250000000000001,2007.0748387096774,-1840.6499999999996,16.042580645161287,0.24,2.16,0.08333333333333343,True
23.28,2.68,0.04000000000000001,5812.149999999999,1010.9164999352492,-0.4800000000000004,0.16,-42.07999999999993,0.36666666666666714,440.3200000000015,3197.5166666666664,-19.72,0.28,-4.6,-0.04999999999999999,True
-4.24,-2.12,-0.6187234042553191,-8235.022222222224,1004.5440823374165,-1.5191489361702137,-0.84,-3306.231489361702,4.0888888888888895,-7061.891063829789,5670.199999999998,-29.074893617021274,-2.2,-1.96,0.0444444444444444,False
-6.92,-3.08,-0.04000000000000001,-4111.000000000001,-708.0765245865232,-2.4000000000000004,-0.2,-1334.6000000000004,-2.2,-5518.359999999999,-2423.64,13.599999999999994,-0.48,2.56,0.07999999999999996,False
1.48,1.84,0.0,-4509.199999999998,600.5020140060697,3.4400000000000004,0.56,862.3599999999988,-2.1142857142857157,1515.7999999999993,-1224.0666666666675,-12.760000000000005,1.6,4.2,-0.06666666666666671,False
5.4,2.32,-0.03999999999999998,546.6999999999989,387.52115625115493,0.5599999999999996,-0.64,-454.7600000000002,-3.95,-5081.439999999999,1214.1499999999996,-8.719999999999999,-1.12,-7.64,-0.21666666666666662,False
3.04,1.2,-0.03999999999999998,-31.049999999999272,-1140.6601220538723,-1.4800000000000004,-0.2,-1335.5200000000004,0.9500000000000002,-5319.319999999998,163.83333333333485,-4.0800000000000125,-0.52,-6.8,-0.16666666666666674,True
-15.36,-4.4,-0.2571428571428571,6874.266666666668,2646.123227513227,-1.6285714285714281,-1.64,-2532.2857142857147,5.377777777777777,-10002.628571428571,5091.511111111111,-38.28571428571429,-3.48,-13.76,0.1777777777777778,True
4.76,1.8,0.14285714285714285,-6042.647619047617,-610.9057912457897,1.5714285714285712,0.12,2542.2285714285717,-0.8190476190476197,5166.799999999999,-4040.952380952381,11.48571428571428,1.72,0.64,0.09523809523809523,True
-2.0,-1.88,0.06285714285714289,-3449.0249999999996,-660.7444033050265,-0.2914285714285709,0.48,-1058.5771428571425,2.5750000000000006,-4380.668571428572,539.5999999999999,32.74285714285714,0.0,3.4,0.07500000000000001,True
-11.52,-4.56,-0.24,1187.3555555555554,2139.4721885757685,-1.04,-1.2,-1183.8000000000002,0.8888888888888888,-4736.52,3584.466666666668,-5.560000000000002,-2.28,-11.88,-0.3777777777777778,False
-4.24,-0.28,0.040000000000000036,-336.10000000000036,-3074.320216727714,-0.7999999999999998,-0.08,478.47999999999956,-0.27499999999999947,4130.480000000001,1112.3000000000002,17.799999999999997,-0.72,-5.2,-0.32499999999999996,False
-8.44,-1.28,-0.01112347052280313,903.3833333333332,417.69193457686106,0.010011123470522243,-0.36,-1131.5895439377073,-1.833333333333334,-6326.440489432702,-128.1333333333332,-1.32369299221358,0.56,-8.2,-0.08333333333333331,False
5.52,1.36,-0.06715806715806716,3624.2,463.268645983645,-0.7657657657657655,0.24,457.4422604422616,-0.8666666666666663,-1362.7067977068,320.4333333333334,-3.49549549549549,1.88,1.36,0.050000000000000044,True
5.4,0.32,-0.03225806451612903,-602.1333333333332,852.5177443456,2.612903225806452,0.28,-685.9032258064517,1.619047619047619,68.0,2654.6285714285714,-7.193548387096783,-0.88,0.4,0.2190476190476191,True
0.48,0.48,-0.15824915824915822,4312.616666666667,-552.2227834665364,0.6161616161616168,0.28,-573.831649831649,2.9000000000000004,-4419.69696969697,1332.7833333333328,29.0,0.44,-2.32,0.14999999999999997,False
-4.72,-4.0,-0.273015873015873,7439.033333333332,-1328.6783644133639,-0.8264550264550259,-1.32,-601.2740740740755,3.3666666666666663,-4045.5185185185182,3496.816666666667,6.095238095238102,-1.84,-8.52,0.29999999999999993,False
-7.56,-0.04,-0.08000000000000002,-2595.499999999998,-24.175111231360006,0.1200000000000001,-0.76,-618.4400000000005,-1.8999999999999995,-3224.2000000000007,-4648.0666666666675,-27.120000000000005,-1.04,3.0,0.08333333333333326,False
